"Id","channelId","Creation_Timestamp","Prediction","textDisplay","Update_Timestamp","videoId"
"251","UCERm5yFZ1SptUEU4wZ2vJvw","2024-02-12 16:35:01","awkwardness","oh shut up…","2024-02-12 17:10:47","ufrFCjERMDc"
"187","UC0CRYvGlWGlsGxBNgvkUbAg","2024-02-12 16:34:53","interest","so :.train full range of motion .front delts take over.you have to start with the shoulders in your training day.stretch your traps to minimise there activation .progressive overload and keep track of the weight load.training volume ( doing more sets 12 to 15).consume enough calories without going too crazy on it.eat enough proteins of course","2024-02-12 17:11:24","c3wEEdD8tWc"
"154","UC0CRYvGlWGlsGxBNgvkUbAg","2024-02-12 16:34:49","interest","so what’s the training schedule per week?","2024-02-12 17:11:36","c3wEEdD8tWc"
"7","UCL5PX6xQ0KBim6eQfDU74Qw","2024-02-12 16:34:31","interest","nice vid :) could you improve your audio?","2024-02-12 17:11:47","r8MLGFbOhYM"
"115","UC0CRYvGlWGlsGxBNgvkUbAg","2024-02-12 16:34:44","interest","low reps are for high reps and your using a weight you could handle whatever you were lifting at 10 to 12 reps when you go up in weight go down in reps and build your way back up","2024-02-12 17:12:07","c3wEEdD8tWc"
"512","UCxE5jEls-T0QtlTHT8lI1lw","2024-02-12 16:35:33","negative","""this song really have meaning, remind me of aomeone in my past. and make me sad again and again""","2024-02-12 17:12:22","ZQFmRXgeR-s"
"286","UCERm5yFZ1SptUEU4wZ2vJvw","2024-02-12 16:35:05","amusement","""i’m guessing the people who were checked didn’t happen to be baseball players, because our arms go way beyond 60 degrees haha""","2024-02-12 17:12:38","ufrFCjERMDc"
"361","UCR5k7bm0qgpP7-QX1uIx7cQ","2024-02-12 16:35:14","positive","you are a very good data analyst","2024-02-12 17:12:48","ryZt5pc2O5s"
"380","UCR5k7bm0qgpP7-QX1uIx7cQ","2024-02-12 16:35:17","interest","i got nearly 2000 subscribers in my first four weeks from following the advice in this video","2024-02-12 17:13:02","ryZt5pc2O5s"
"526","UCxE5jEls-T0QtlTHT8lI1lw","2024-02-12 16:35:35","relief","i was sad at first but after hearing this song i calmed down","2024-02-12 17:13:14","ZQFmRXgeR-s"
"117","UC0CRYvGlWGlsGxBNgvkUbAg","2024-02-12 16:34:44","negative","yes but full motion cause injuries too better not full motion","2024-02-12 17:13:25","c3wEEdD8tWc"
"401","UCJ5v_MCY6GNUBTO8-D3XoAg","2024-02-12 16:35:19","awkwardness","his head is so much bigger fron the juice..","2024-02-12 17:13:37","58PpN0_VzQg"
"554","UCxE5jEls-T0QtlTHT8lI1lw","2024-02-12 16:35:38","nostalgia","""just imagining if my ex thinks the same, though it's going to be a year after our breakup, i found a better guy, and yesss i am happier than i was with you, but i still miss you sometimes""","2024-02-12 17:14:00","ZQFmRXgeR-s"
"47","UCL5PX6xQ0KBim6eQfDU74Qw","2024-02-12 16:34:36","positive","rubber duck debugging all the way baby!","2024-02-12 17:14:11","r8MLGFbOhYM"
"184","UC0CRYvGlWGlsGxBNgvkUbAg","2024-02-12 16:34:53","awkwardness","""i injured myself today while doing shoulders, i lifted too much""","2024-02-12 17:14:22","c3wEEdD8tWc"
"403","UCJ5v_MCY6GNUBTO8-D3XoAg","2024-02-12 16:35:20","negative","the bottom of egyptian rule of lost of godsest empress","2024-02-12 17:14:35","58PpN0_VzQg"
"304","UCR5k7bm0qgpP7-QX1uIx7cQ","2024-02-12 16:35:07","appreciation of beauty","hey if you need help im here just let me know yall","2024-02-12 17:14:46","ryZt5pc2O5s"
"156","UC0CRYvGlWGlsGxBNgvkUbAg","2024-02-12 16:34:49","positive","such a great video","2024-02-12 17:14:56","c3wEEdD8tWc"
"122","UC0CRYvGlWGlsGxBNgvkUbAg","2024-02-12 16:34:45","negative","i don't do reps i just stop when i'm tired","2024-02-12 17:15:07","c3wEEdD8tWc"
"273","UCERm5yFZ1SptUEU4wZ2vJvw","2024-02-12 16:35:04","positive","experience = the best teacher","2024-02-12 17:15:17","ufrFCjERMDc"
"513","UCxE5jEls-T0QtlTHT8lI1lw","2024-02-12 16:35:33","sadness","""i will always be waiting , i know i messed it up the first time but i was scared but know u never left my heart and never will ..... (you won't probably even see this , sad thing is this comment is probably the closest you would know how much i love you)""","2024-02-12 17:15:48","ZQFmRXgeR-s"
"333","UCR5k7bm0qgpP7-QX1uIx7cQ","2024-02-12 16:35:11","interest","i'm not monetized yet - my long form videos still need work for views but the shorts have enabled me to at least get a descent amount of subs. focusing on disney content. i also learned that crossing over from shorts to your long form vids doesn't seem to be a thing.","2024-02-12 17:16:19","ryZt5pc2O5s"
"145","UC0CRYvGlWGlsGxBNgvkUbAg","2024-02-12 16:34:48","interest","pull ups","2024-02-12 17:16:28","c3wEEdD8tWc"
"195","UC0CRYvGlWGlsGxBNgvkUbAg","2024-02-12 16:34:54","negative","i hate the way u talk","2024-02-12 17:16:39","c3wEEdD8tWc"
"501","UCxE5jEls-T0QtlTHT8lI1lw","2024-02-12 16:35:32","interest","ppl who's waching 2024","2024-02-12 17:16:49","ZQFmRXgeR-s"
"359","UCR5k7bm0qgpP7-QX1uIx7cQ","2024-02-12 16:35:14","negative","my shorts allways drop of at ten thousand. is there eneyone that can have a look at it and tell me what's happening. be very much appreciated","2024-02-12 17:17:06","ryZt5pc2O5s"
"395","UCR5k7bm0qgpP7-QX1uIx7cQ","2024-02-12 16:35:19","negative","i need to study more!","2024-02-12 17:17:17","ryZt5pc2O5s"
"256","UCERm5yFZ1SptUEU4wZ2vJvw","2024-02-12 16:35:01","interest","yup","2024-02-12 17:17:26","ufrFCjERMDc"
"130","UC0CRYvGlWGlsGxBNgvkUbAg","2024-02-12 16:34:46","confusion","""i need to ask this because i´m starting to think that i do something wrong here, so: 9-10 reps or 9-15 reps ( until failur with heavy loads ) is more benefitial then doing 40-50 reps with lighter weights?? ó__ò the issue i have is that my muscles wont get bigger, even after a workout that took 2 - 3 hours. . .""","2024-02-12 17:18:05","c3wEEdD8tWc"
"386","UCR5k7bm0qgpP7-QX1uIx7cQ","2024-02-12 16:35:18","negative","""video with money ammount in thumbnail + claiming something that gives so much money and nobody knows but its explained in the video + hiding some metrics (normally earnings) = fake clickbait.thats the secret to """"beat the algorythm"""", clickbait and lie to get views.hope youtube  will do something soon and start to ban this kind of channels that dont give anything good to the platform.""","2024-02-12 17:18:44","ryZt5pc2O5s"
"573","UCxE5jEls-T0QtlTHT8lI1lw","2024-02-12 16:35:41","appreciation of beauty","""lyricswe broke up a month agoyour friends are mine, you know, i knowyou've moved on, found someone newone more girl who brings out the better in youand i thought my heart was detachedfrom all the sunlight of our pastbut she's so sweet, she's so prettydoes she mean you forgot about me?oh, i hope you're happybut not like how you were with mei'm selfish, i know, i can't let you goso find someone great, but don't find no one betteri hope you're happy, but don't be happierand do you tell her she's the most beautiful girl you've ever seen?an eternal love bullshit you know you'll never meanremember when i believed you meant it when you said it first to me?and now i'm pickin' her apartlike cuttin' her down will make you miss my wretched heartbut she's beautiful, she looks kindshe probably gives you butterfliesi hope you're happybut not like how you were with mei'm selfish, i know, i can't let you goso find someone great but don't find no one betteri hope you're happyi wish you all the best, reallysay you love her, baby, just not like you loved meand think of me fondly when your hands are on heri hope you're happy, but don't be happierooh, ooh-ooh, ooh-oohooh-oohi hope you're happyjust not like how you were with mei'm selfish, i know, can't let you goso find someone great, but don't find no one betteri hope you're happy, but don't be happier""","2024-02-12 17:20:55","ZQFmRXgeR-s"
"369","UCR5k7bm0qgpP7-QX1uIx7cQ","2024-02-12 16:35:15","confusion","hi i have a question  usually im getting 1k+ views for my shorts videos but suddenly it stopped getting views.","2024-02-12 17:21:10","ryZt5pc2O5s"
"555","UCxE5jEls-T0QtlTHT8lI1lw","2024-02-12 16:35:38","interest","amo","2024-02-12 17:21:19","ZQFmRXgeR-s"
"533","UCxE5jEls-T0QtlTHT8lI1lw","2024-02-12 16:35:36","boredom","""although the theme of the song is banal, the lyrics are beautiful""","2024-02-12 17:21:31","ZQFmRXgeR-s"
"79","UCL5PX6xQ0KBim6eQfDU74Qw","2024-02-12 16:34:40","interest","i sped up the video 2x fasternow i know 20 times faster2 x 10 = 20","2024-02-12 17:21:47","r8MLGFbOhYM"
"172","UC0CRYvGlWGlsGxBNgvkUbAg","2024-02-12 16:34:51","contradiction","""who the hell wants to """"make their diet more enjoyable"""".  i want dem gains!""","2024-02-12 17:22:01","c3wEEdD8tWc"
"379","UCR5k7bm0qgpP7-QX1uIx7cQ","2024-02-12 16:35:17","positive","""good advice, lets go ive got  amount of views and subs but im trying and not giving up""","2024-02-12 17:22:15","ryZt5pc2O5s"
"440","UCJ5v_MCY6GNUBTO8-D3XoAg","2024-02-12 16:35:24","negative","""what do you call a chinese dwayne johnson ....the """"wok""""""","2024-02-12 17:22:28","58PpN0_VzQg"
"69","UCL5PX6xQ0KBim6eQfDU74Qw","2024-02-12 16:34:38","confusion","we have to avoid distractions","2024-02-12 17:22:42","r8MLGFbOhYM"
"471","UCJ5v_MCY6GNUBTO8-D3XoAg","2024-02-12 16:35:28","positive","if the rock wants to face someone then he gets what he wants and it should be that way","2024-02-12 17:23:02","58PpN0_VzQg"
"517","UCxE5jEls-T0QtlTHT8lI1lw","2024-02-12 16:35:34","negative","i selfish i know:","2024-02-12 17:23:12","ZQFmRXgeR-s"
"314","UCR5k7bm0qgpP7-QX1uIx7cQ","2024-02-12 16:35:09","amusement","""i've done youtube for almost 6 years and still just little over 700 subs. i started doing shorts about 2 weeks ago and i noticed immediate small growth there. now i wish i had started doing those earlier cause i have weird combination of a-hole jokes, games and movies. it's easier to show in shorts that the entertainment is kinda the main thing i aim for.""","2024-02-12 17:23:57","ryZt5pc2O5s"
"410","UCJ5v_MCY6GNUBTO8-D3XoAg","2024-02-12 16:35:20","excitement","yo only if i was there i'd be the happiest person bc i'm in my city as this goes on","2024-02-12 17:24:12","58PpN0_VzQg"
"110","UC0CRYvGlWGlsGxBNgvkUbAg","2024-02-12 16:34:43","interest","1. genetics. 2. testosterone production 3. protein and carb intake. 4. and lastly and the least important how train.  if you have the top 3 down  you can train your shoulders once a or week 3 times a week low reps high reps  12 sets or 30 sets and they are going to grow.  focus on the first 3 get some blood work done and a body composition and then worry about the training.","2024-02-12 17:25:16","c3wEEdD8tWc"
"8","UCL5PX6xQ0KBim6eQfDU74Qw","2024-02-12 16:34:31","negative","that song playing in the background was brutal","2024-02-12 17:25:27","r8MLGFbOhYM"
"288","UCERm5yFZ1SptUEU4wZ2vJvw","2024-02-12 16:35:05","interest","""trying this one's now , and yeah lots of those do the workouts but when u see vids like this u realize u haven't been doing them 100% right""","2024-02-12 17:25:50","ufrFCjERMDc"
"373","UCR5k7bm0qgpP7-QX1uIx7cQ","2024-02-12 16:35:16","craving","color is another huge one. when you scroll slow it’ll show a lot of the same color palette in the shorts. when you speed up it’ll seek new color palettes to try and get you to slow down again in order to watch and engage.","2024-02-12 17:26:24","ryZt5pc2O5s"
"461","UCJ5v_MCY6GNUBTO8-D3XoAg","2024-02-12 16:35:27","craving","we want cody","2024-02-12 17:26:33","58PpN0_VzQg"
"229","UCERm5yFZ1SptUEU4wZ2vJvw","2024-02-12 16:34:58","interest","yo. update after 2 mos of doing this. i think this is the first time i’ve ever felt my side delts bulge. lol. i can also feel the burn on the side delt better by doing this than db lateral raise. thanks for this!","2024-02-12 17:27:06","ufrFCjERMDc"
"467","UCJ5v_MCY6GNUBTO8-D3XoAg","2024-02-12 16:35:27","interest","roman really carried to company this long. i wasn’t a fan at first. i’m barely still him be be been killin it","2024-02-12 17:27:24","58PpN0_VzQg"
"62","UCL5PX6xQ0KBim6eQfDU74Qw","2024-02-12 16:34:38","admiration","""very good video thank you man,i love andrew huberman but sometimes he is widening his videos tooo much so that it gets difficult to listen to him for 1-2 hours and you just mentioned the most important aspects of that topic in under 10 minutes thats soo cool""","2024-02-12 17:27:53","r8MLGFbOhYM"
"226","UCERm5yFZ1SptUEU4wZ2vJvw","2024-02-12 16:34:58","positive","i’m not going to lie. i have pretty good shoulders rn but am always looking for ways to improve my workouts. watched the video hoping for new information just to realize i was already following every one of these tips to a t . great content. also nice to know that through trial and error i found a supper affective shoulder workout","2024-02-12 17:28:28","ufrFCjERMDc"
"197","UC0CRYvGlWGlsGxBNgvkUbAg","2024-02-12 16:34:54","confusion","i dont understand what youre saying just get to the point","2024-02-12 17:28:40","c3wEEdD8tWc"
"244","UCERm5yFZ1SptUEU4wZ2vJvw","2024-02-12 16:35:00","negative","""meh, too much work for a bag of meat that will end up rotting underground""","2024-02-12 17:28:53","ufrFCjERMDc"
"230","UCERm5yFZ1SptUEU4wZ2vJvw","2024-02-12 16:34:58","interest","'- rear delts exercise - seated dumbbell shoulder press","2024-02-12 17:29:05","ufrFCjERMDc"
"476","UCJ5v_MCY6GNUBTO8-D3XoAg","2024-02-12 16:35:29","amusement","people of earth remember its just a show nothing personal","2024-02-12 17:29:16","58PpN0_VzQg"
"54","UCL5PX6xQ0KBim6eQfDU74Qw","2024-02-12 16:34:37","interest","""just another """"intellectual"""" that wants to sell some books and lectures. i'm sure in a few years a new """"intellectual"""" will come out and people will start to buy books from this person. i'm sure a lot of such a gurus will come across your life""","2024-02-12 17:29:46","r8MLGFbOhYM"
"343","UCR5k7bm0qgpP7-QX1uIx7cQ","2024-02-12 16:35:12","excitement","i want to be in algorithm","2024-02-12 17:29:56","ryZt5pc2O5s"
"442","UCJ5v_MCY6GNUBTO8-D3XoAg","2024-02-12 16:35:24","satisfaction","""Here you go, United States, here you go, study until you're satisfied""","2024-02-12 17:30:09","58PpN0_VzQg"
"287","UCERm5yFZ1SptUEU4wZ2vJvw","2024-02-12 16:35:05","satisfaction","thanks so much bro","2024-02-12 17:30:19","ufrFCjERMDc"
"468","UCJ5v_MCY6GNUBTO8-D3XoAg","2024-02-12 16:35:28","craving","we want cody","2024-02-12 17:30:29","58PpN0_VzQg"
"241","UCERm5yFZ1SptUEU4wZ2vJvw","2024-02-12 16:35:00","interest","you could also just use kettlebells and doing later raises while keeping the kettle bell in a straight line with your arm","2024-02-12 17:30:43","ufrFCjERMDc"
"339","UCR5k7bm0qgpP7-QX1uIx7cQ","2024-02-12 16:35:12","awkwardness","it‘s hard to keep grindiggood video!","2024-02-12 17:30:55","ryZt5pc2O5s"
"527","UCxE5jEls-T0QtlTHT8lI1lw","2024-02-12 16:35:35","excitement","powerful!","2024-02-12 17:31:04","ZQFmRXgeR-s"
"329","UCR5k7bm0qgpP7-QX1uIx7cQ","2024-02-12 16:35:10","admiration","thank you @marcus-jones for such a valuable content","2024-02-12 17:31:16","ryZt5pc2O5s"
"345","UCR5k7bm0qgpP7-QX1uIx7cQ","2024-02-12 16:35:12","positive","trust me i was stuck at 5 subscribers for over a year but i didnt give up and now i gain hundreds of subscribers in each month","2024-02-12 17:31:32","ryZt5pc2O5s"
"296","UCERm5yFZ1SptUEU4wZ2vJvw","2024-02-12 16:35:06","interest","""is there research on what is minimum volume of exercise needed to build muscle. 1set, 5 set etc?""","2024-02-12 17:31:46","ufrFCjERMDc"
"75","UCL5PX6xQ0KBim6eQfDU74Qw","2024-02-12 16:34:39","positive","""i didn't know this was called gap effect, but i found this method on my own back in 2015 or 2016 when i was in 6th grade. now i am in my last year diploma doing ai & ds, i almost never study, even if i did studied it would end in just 1hour. believe me this strategy works like magic and i am using it for years""","2024-02-12 17:32:24","r8MLGFbOhYM"
"578","UCxE5jEls-T0QtlTHT8lI1lw","2024-02-12 16:35:41","awe","It's too beautiful here","2024-02-12 17:32:34","ZQFmRXgeR-s"
"254","UCERm5yFZ1SptUEU4wZ2vJvw","2024-02-12 16:35:01","interest","i c.","2024-02-12 17:32:43","ufrFCjERMDc"
"163","UC0CRYvGlWGlsGxBNgvkUbAg","2024-02-12 16:34:50","confusion","""the thumbnail is very misleading. there's nothing wrong with doing 12 reps, if that's the number you reach when going 1-2 reps short of failure. numerous studies have shown that you can do as many as 30 reps, and still build the same amount of muscle as someone doing far fewer reps (but heavier). the important key is that you do enough reps till you get very, very close to failure in each set.also, increasing the weight is not the only way to implement progressive overload. by repping out till you get to failure or 1-2 reps short of failure, and you're doing everything else correctly, you will naturally be able to do more and more reps. that challenges the muscle and overloads it progressively without going for heavier weight. of course, this is to a certain extent. if the rep count starts to go above 30, then gains start being left on the table.i personally like doing higher reps with lower weight because it's easier on the joints. but that's just me....""","2024-02-12 17:34:02","c3wEEdD8tWc"
"89","UCL5PX6xQ0KBim6eQfDU74Qw","2024-02-12 16:34:41","positive","natural learning is key","2024-02-12 17:34:13","r8MLGFbOhYM"
"518","UCxE5jEls-T0QtlTHT8lI1lw","2024-02-12 16:35:34","confusion","how old are you????","2024-02-12 17:34:23","ZQFmRXgeR-s"
"32","UCL5PX6xQ0KBim6eQfDU74Qw","2024-02-12 16:34:34","neutral","""so i wasnt trippin, been multiple times where i kept trying to finish a assignment but kept getting stress from mistake and decide to stop go away then come back a while late maybe after eating and sometimes itll just feel easier""","2024-02-12 17:34:49","r8MLGFbOhYM"
"131","UC0CRYvGlWGlsGxBNgvkUbAg","2024-02-12 16:34:46","negative","going past parallel isn’t optimal what so ever. terrible for your joints","2024-02-12 17:35:02","c3wEEdD8tWc"
"435","UCJ5v_MCY6GNUBTO8-D3XoAg","2024-02-12 16:35:24","negative","""It's tacky to go to China, it's just cold, it's the same as in Padang, especially in Java, it's okay to take an ice cube bath""","2024-02-12 17:35:21","58PpN0_VzQg"
"300","UCR5k7bm0qgpP7-QX1uIx7cQ","2024-02-12 16:35:07","interest","i just started my art channel. going to follow these tips.","2024-02-12 17:35:32","ryZt5pc2O5s"
"342","UCR5k7bm0qgpP7-QX1uIx7cQ","2024-02-12 16:35:12","positive","amazing","2024-02-12 17:35:41","ryZt5pc2O5s"
"238","UCERm5yFZ1SptUEU4wZ2vJvw","2024-02-12 16:34:59","awkwardness","his body looks weird...he has no chest definition...his shoulders are non existent...his biceps have weird shape...and has no back.. still giving us useless knowledge","2024-02-12 17:36:00","ufrFCjERMDc"
"341","UCR5k7bm0qgpP7-QX1uIx7cQ","2024-02-12 16:35:12","admiration","""you missed the most important aspect which is the """"average viewed percentage (avd)""""""","2024-02-12 17:36:13","ryZt5pc2O5s"
"185","UC0CRYvGlWGlsGxBNgvkUbAg","2024-02-12 16:34:53","negative","""lower reps are for core strength, not growth""","2024-02-12 17:36:24","c3wEEdD8tWc"
"294","UCERm5yFZ1SptUEU4wZ2vJvw","2024-02-12 16:35:06","confusion","i have been going to the gym for over 13 years and im in great shape. i dont even know why im watching these videos","2024-02-12 17:36:39","ufrFCjERMDc"
"264","UCERm5yFZ1SptUEU4wZ2vJvw","2024-02-12 16:35:02","surprise","""oh wow, didn't know you were a filipino! how are you kabayan? awesome channel! wow! 6-million :) sub'd!""","2024-02-12 17:36:56","ufrFCjERMDc"
"582","UCxE5jEls-T0QtlTHT8lI1lw","2024-02-12 16:35:42","negative","who's going to be so stupid to break your heart?","2024-02-12 17:37:08","ZQFmRXgeR-s"
"387","UCR5k7bm0qgpP7-QX1uIx7cQ","2024-02-12 16:35:18","awkwardness","""shorts are weird.  i had one video on tiktok that blew up over the summer and got 4m views.  i had posted it the same time on all my other platforms, and youtube was the only place it didn't take off.  i didn't think anything of it, and just figured that the platforms all work differently with different viewer bases.then 2-3 weeks ago that short picked up traction, and gained over 1m views.  i'm thankful for the new subscribers, now i just gotta figure out how to get them to watch my long form content.  otherwise they're just subscribing for shorts, and i'll never hit monetization that way.""","2024-02-12 17:38:05","ryZt5pc2O5s"
"220","UCERm5yFZ1SptUEU4wZ2vJvw","2024-02-12 16:34:57","positive","game changer video","2024-02-12 17:38:15","ufrFCjERMDc"
"322","UCR5k7bm0qgpP7-QX1uIx7cQ","2024-02-12 16:35:10","positive","keep making videos and don’t give up!","2024-02-12 17:38:27","ryZt5pc2O5s"
"496","UCxE5jEls-T0QtlTHT8lI1lw","2024-02-12 16:35:31","interest","a scene in story","2024-02-12 17:38:36","ZQFmRXgeR-s"
"260","UCERm5yFZ1SptUEU4wZ2vJvw","2024-02-12 16:35:02","negative","that and some good gear.  stupid","2024-02-12 17:38:46","ufrFCjERMDc"
"351","UCR5k7bm0qgpP7-QX1uIx7cQ","2024-02-12 16:35:13","interest","can you help me to break true love your vids","2024-02-12 17:38:58","ryZt5pc2O5s"
"200","UCERm5yFZ1SptUEU4wZ2vJvw","2024-02-12 16:34:55","interest","""for lateral raises if you don't have access to a cable machine you can put a bench at a 30 degree angle or so and lay on your side, drop the dumbbell in front of you and do latetal raises this way. it takes a bit of getting used to the position, bracing yourself with your feet but it does work.""","2024-02-12 17:39:32","ufrFCjERMDc"
"535","UCxE5jEls-T0QtlTHT8lI1lw","2024-02-12 16:35:36","awkwardness","she isn’t a teen","2024-02-12 17:39:43","ZQFmRXgeR-s"
"302","UCR5k7bm0qgpP7-QX1uIx7cQ","2024-02-12 16:35:07","adoration","love this! thanx","2024-02-12 17:39:53","ryZt5pc2O5s"
"278","UCERm5yFZ1SptUEU4wZ2vJvw","2024-02-12 16:35:04","positive","""direction of muscle fiber parallel to   the move direction, great idea, it's like material strength.""","2024-02-12 17:40:07","ufrFCjERMDc"
"520","UCxE5jEls-T0QtlTHT8lI1lw","2024-02-12 16:35:34","awkwardness","kneaded create","2024-02-12 17:40:16","ZQFmRXgeR-s"
"315","UCR5k7bm0qgpP7-QX1uIx7cQ","2024-02-12 16:35:09","nostalgia","my short have 2.4 k veiw all time all shorts same why","2024-02-12 17:40:29","ryZt5pc2O5s"
"113","UC0CRYvGlWGlsGxBNgvkUbAg","2024-02-12 16:34:44","positive","i found for dumbbell  sideraises it's also good to activate your back like you are doing in pull ups. means shoulder and shoulderblades down. this decreases the amount of traps involved in my sets as i feel it when i'm done.","2024-02-12 17:40:57","c3wEEdD8tWc"
"118","UC0CRYvGlWGlsGxBNgvkUbAg","2024-02-12 16:34:44","contradiction","i dont want to reduce my traps involvement though...","2024-02-12 17:41:09","c3wEEdD8tWc"
"559","UCxE5jEls-T0QtlTHT8lI1lw","2024-02-12 16:35:39","interest","2024 anyone","2024-02-12 17:41:18","ZQFmRXgeR-s"
"347","UCR5k7bm0qgpP7-QX1uIx7cQ","2024-02-12 16:35:13","confusion","thousands? how do i get my first 10 subscribers?","2024-02-12 17:41:29","ryZt5pc2O5s"
"542","UCxE5jEls-T0QtlTHT8lI1lw","2024-02-12 16:35:37","confusion","is there a official video?","2024-02-12 17:41:39","ZQFmRXgeR-s"
"198","UCERm5yFZ1SptUEU4wZ2vJvw","2024-02-12 16:34:54","interest","""hope you enjoyed this one, and shoutout to my fellow pinoys!  see below for a summary of all the research covered:long-length training:<a href=""""https:www.ncbi.nlm.nih.govpmcarticlespmc10407320"""">https:www.ncbi.nlm.nih.govpmcarticlespmc10407320<a><a href=""""https:pubmed.ncbi.nlm.nih.gov35819335"""">https:pubmed.ncbi.nlm.nih.gov35819335<a><a href=""""https:pubmed.ncbi.nlm.nih.gov33009197"""">https:pubmed.ncbi.nlm.nih.gov33009197<a><a href=""""https:pubmed.ncbi.nlm.nih.gov33977835"""">https:pubmed.ncbi.nlm.nih.gov33977835<a>progressive overload without progressing load:<a href=""""https:pubmed.ncbi.nlm.nih.gov36199287"""">https:pubmed.ncbi.nlm.nih.gov36199287<a>shoulder range of movement:<a href=""""https:www.ncbi.nlm.nih.govpmcarticlespmc7549223"""">https:www.ncbi.nlm.nih.govpmcarticlespmc7549223<a>""","2024-02-12 17:43:36","ufrFCjERMDc"
"153","UC0CRYvGlWGlsGxBNgvkUbAg","2024-02-12 16:34:49","interest","shoulders have their own day for me. my split is chest tri  back bi  shoulders  legs","2024-02-12 17:43:51","c3wEEdD8tWc"
"135","UC0CRYvGlWGlsGxBNgvkUbAg","2024-02-12 16:34:47","interest","""as you exercise, you'll naturally eat more.""","2024-02-12 17:44:02","c3wEEdD8tWc"
"164","UC0CRYvGlWGlsGxBNgvkUbAg","2024-02-12 16:34:50","negative","talk to much irrrelivant did get any info till end","2024-02-12 17:44:14","c3wEEdD8tWc"
"430","UCJ5v_MCY6GNUBTO8-D3XoAg","2024-02-12 16:35:23","interest","people only have 1 pack","2024-02-12 17:44:25","58PpN0_VzQg"
"327","UCR5k7bm0qgpP7-QX1uIx7cQ","2024-02-12 16:35:10","surprise","""had no idea you could export the data! unreal, thanks""","2024-02-12 17:44:36","ryZt5pc2O5s"
"463","UCJ5v_MCY6GNUBTO8-D3XoAg","2024-02-12 16:35:27","confusion","hard to believe this was just seven days ago and so much happened since lol.","2024-02-12 17:44:49","58PpN0_VzQg"
"478","UCJ5v_MCY6GNUBTO8-D3XoAg","2024-02-12 16:35:29","confusion","""there's still been no explanation as to why cody gave up his spot to the rock and then took it back one week later at the vegas press conference. yes fans rioted, but storyline wise, it still doesn't make sense""","2024-02-12 17:45:16","58PpN0_VzQg"
"56","UCL5PX6xQ0KBim6eQfDU74Qw","2024-02-12 16:34:37","craving","""the gap effect is used by high-level chess players. they focus on the game and then after their move, they look at something completely different for a little while and when they come back to the board they see it differently.""","2024-02-12 17:45:39","r8MLGFbOhYM"
"152","UC0CRYvGlWGlsGxBNgvkUbAg","2024-02-12 16:34:49","confusion","is dat andrew tate??!?!?","2024-02-12 17:45:50","c3wEEdD8tWc"
"499","UCxE5jEls-T0QtlTHT8lI1lw","2024-02-12 16:35:31","excitement","2024 anyone?","2024-02-12 17:46:00","ZQFmRXgeR-s"
"283","UCERm5yFZ1SptUEU4wZ2vJvw","2024-02-12 16:35:05","negative","when i had a pt he put me on a workout that included all of these and my shoulder did blow up","2024-02-12 17:46:14","ufrFCjERMDc"
"162","UC0CRYvGlWGlsGxBNgvkUbAg","2024-02-12 16:34:50","interest","do you think exhausting the trapezius before doing lateral raises could also help increase the load on the lateral parts of the shoulders?","2024-02-12 17:46:30","c3wEEdD8tWc"
"419","UCJ5v_MCY6GNUBTO8-D3XoAg","2024-02-12 16:35:22","interest","lamborghini aventador ferrari","2024-02-12 17:46:41","58PpN0_VzQg"
"384","UCR5k7bm0qgpP7-QX1uIx7cQ","2024-02-12 16:35:17","interest","""key takeaways for quick navigation:  analyzed 5,500 youtube shorts across 34 niches to decode the algorithm for viral success.<b>  understanding youtube shorts algorithm from a viewer's perspective: initial random shorts to gauge engagement.<b>  longer shorts (50-60 seconds) tend to have higher average view duration, influencing algorithmic favor.<b>  vvsa (viewed vs. swiped away) is crucial; shorts with vvsa between 70-90 have the potential for higher views.<b>  monetization: shorts now earn more after proper monetization, but long-form videos still generate more revenue per view.<b>  evaluate time invested, views, and potential revenue to decide between creating youtube shorts or long-form videos.<b>made with harpa ai""","2024-02-12 17:47:45","ryZt5pc2O5s"
"266","UCERm5yFZ1SptUEU4wZ2vJvw","2024-02-12 16:35:03","positive","great video my dude","2024-02-12 17:47:55","ufrFCjERMDc"
"259","UCERm5yFZ1SptUEU4wZ2vJvw","2024-02-12 16:35:02","interest","""tx for this. have been struggling to figure out my felt issues. front two and back one are good, it's the third one that's funky. tried your exercise and could not only feel it targeting the muscle, but also found a weak spot i struggle to train from old injuries. going to build on this and see what happens""","2024-02-12 17:48:28","ufrFCjERMDc"
"462","UCJ5v_MCY6GNUBTO8-D3XoAg","2024-02-12 16:35:27","sadness","cody crybabies","2024-02-12 17:48:38","58PpN0_VzQg"
"104","UC0CRYvGlWGlsGxBNgvkUbAg","2024-02-12 16:34:43","negative","lowering the arms beyond parallel to the ground will also open up the shoulder joint to injury.","2024-02-12 17:48:52","c3wEEdD8tWc"
"139","UC0CRYvGlWGlsGxBNgvkUbAg","2024-02-12 16:34:47","confusion","ummm genetics aren't on the list? c'mon bro","2024-02-12 17:49:04","c3wEEdD8tWc"
"224","UCERm5yFZ1SptUEU4wZ2vJvw","2024-02-12 16:34:58","confusion","how the fk m i gonna add this to 3 days a week","2024-02-12 17:49:16","ufrFCjERMDc"
"44","UCL5PX6xQ0KBim6eQfDU74Qw","2024-02-12 16:34:35","positive","""i'm so happy i made productive decisions about my finances that changed my life forever,hoping to retire next year.. investment should always be on any creative man's heart for success in life""","2024-02-12 17:49:34","r8MLGFbOhYM"
"485","UCJ5v_MCY6GNUBTO8-D3XoAg","2024-02-12 16:35:30","interest","we did it guys. cody is definitely finishing his story at wm40.","2024-02-12 17:49:47","58PpN0_VzQg"
"39","UCL5PX6xQ0KBim6eQfDU74Qw","2024-02-12 16:34:35","interest","bhklbjilhuil","2024-02-12 17:49:57","r8MLGFbOhYM"
"415","UCJ5v_MCY6GNUBTO8-D3XoAg","2024-02-12 16:35:21","negative","how is this push still going on?? he has been the same fake confident dork since he was fumbling his lines. this isn’t good.","2024-02-12 17:50:15","58PpN0_VzQg"
"10","UCL5PX6xQ0KBim6eQfDU74Qw","2024-02-12 16:34:31","interest","""i taken your challenge , meet you after one month""","2024-02-12 17:50:25","r8MLGFbOhYM"
"483","UCJ5v_MCY6GNUBTO8-D3XoAg","2024-02-12 16:35:29","anger","cody: i’m coming for you roman reigns but not at wrestlemania 6 days latercody: i choose you roman at wrestlemania","2024-02-12 17:50:43","58PpN0_VzQg"
"211","UCERm5yFZ1SptUEU4wZ2vJvw","2024-02-12 16:34:56","excitement","you just earned a new subscriber bro","2024-02-12 17:50:53","ufrFCjERMDc"
"406","UCJ5v_MCY6GNUBTO8-D3XoAg","2024-02-12 16:35:20","interest","eng brown chiefs and jamaican brown and mexican brown","2024-02-12 17:51:05","58PpN0_VzQg"
"82","UCL5PX6xQ0KBim6eQfDU74Qw","2024-02-12 16:34:40","interest","""so... if i painted myself red, would i learn a total of 30 times faster?""","2024-02-12 17:51:18","r8MLGFbOhYM"
"205","UCERm5yFZ1SptUEU4wZ2vJvw","2024-02-12 16:34:55","interest","just do incline pushups.","2024-02-12 17:51:28","ufrFCjERMDc"
"270","UCERm5yFZ1SptUEU4wZ2vJvw","2024-02-12 16:35:03","interest","""are you going to do chest, legs, back versions of these videos.""","2024-02-12 17:51:40","ufrFCjERMDc"
"31","UCL5PX6xQ0KBim6eQfDU74Qw","2024-02-12 16:34:34","interest","if you want to oxygenate quickly... do 1-3 minutes of calisthenics... it's not very taxing but you will be winded and which will force intake of oxygen.","2024-02-12 17:51:58","r8MLGFbOhYM"
"160","UC0CRYvGlWGlsGxBNgvkUbAg","2024-02-12 16:34:50","negative","""if you go more lower for overhead press, expect to have injuries.""","2024-02-12 17:52:10","c3wEEdD8tWc"
"206","UCERm5yFZ1SptUEU4wZ2vJvw","2024-02-12 16:34:55","amusement","bro grew so fast he got stretch marks yet claims natty lol","2024-02-12 17:52:22","ufrFCjERMDc"
"428","UCJ5v_MCY6GNUBTO8-D3XoAg","2024-02-12 16:35:23","negative","""Basically, no one should curse the dead""","2024-02-12 17:52:32","58PpN0_VzQg"
"191","UC0CRYvGlWGlsGxBNgvkUbAg","2024-02-12 16:34:53","negative","to me strength is more importsnt but it doesn feel good when u look like a chopstick","2024-02-12 17:52:46","c3wEEdD8tWc"
"425","UCJ5v_MCY6GNUBTO8-D3XoAg","2024-02-12 16:35:22","confusion","How do you want to be a full-time police officer? Why do I put the bricks in a green bag?","2024-02-12 17:53:00","58PpN0_VzQg"
"58","UCL5PX6xQ0KBim6eQfDU74Qw","2024-02-12 16:34:37","interest","everything is iq","2024-02-12 17:53:10","r8MLGFbOhYM"
"398","UCJ5v_MCY6GNUBTO8-D3XoAg","2024-02-12 16:35:19","interest","truth in dialogue is followed by actions of perspective.","2024-02-12 17:53:21","58PpN0_VzQg"
"566","UCxE5jEls-T0QtlTHT8lI1lw","2024-02-12 16:35:40","interest","anyone in 2024?","2024-02-12 17:53:31","ZQFmRXgeR-s"
"541","UCxE5jEls-T0QtlTHT8lI1lw","2024-02-12 16:35:37","positive","you are everything","2024-02-12 17:53:40","ZQFmRXgeR-s"
"516","UCxE5jEls-T0QtlTHT8lI1lw","2024-02-12 16:35:34","confusion","i can't fathom what she felt while singing this song she was so happy and sad at the same time.i feel like i'm...selfish","2024-02-12 17:53:56","ZQFmRXgeR-s"
"3","UCL5PX6xQ0KBim6eQfDU74Qw","2024-02-12 16:34:30","boredom","step 1 Pranayama step 2 Trathakrest is especially if subject is boring","2024-02-12 17:54:09","r8MLGFbOhYM"
"232","UCERm5yFZ1SptUEU4wZ2vJvw","2024-02-12 16:34:58","positive","yeah today i tried that one @ and wow!!! i will do that one regularly from now on! it feels so good!!!","2024-02-12 17:54:24","ufrFCjERMDc"
"534","UCxE5jEls-T0QtlTHT8lI1lw","2024-02-12 16:35:36","interest","anyone 2025?","2024-02-12 17:54:34","ZQFmRXgeR-s"
"65","UCL5PX6xQ0KBim6eQfDU74Qw","2024-02-12 16:34:38","interest","""i would like to point out that the 25 deep breaths is supposed to be done quickly, and the last exhale should be a long exhale. then hold for 25 seconds. this is sometimes known as cyclic hyperventilation and it is meant to stimulate adrenaline release. the way you did it at  is incorrect and probably why you didn't notice any effects. if done right, you might feel a tingle and will feel very alert thanks to the adrenaline. hope that helps anyone reading this.""","2024-02-12 17:55:18","r8MLGFbOhYM"
"420","UCJ5v_MCY6GNUBTO8-D3XoAg","2024-02-12 16:35:22","negative","""Just when I was akon akonan the baby was thrown away again, I'm the disabled one""","2024-02-12 17:55:32","58PpN0_VzQg"
"504","UCxE5jEls-T0QtlTHT8lI1lw","2024-02-12 16:35:32","positive","this song is my life in this song","2024-02-12 17:55:42","ZQFmRXgeR-s"
"253","UCERm5yFZ1SptUEU4wZ2vJvw","2024-02-12 16:35:01","awe","amazing advice thank you","2024-02-12 17:55:52","ufrFCjERMDc"
"132","UC0CRYvGlWGlsGxBNgvkUbAg","2024-02-12 16:34:46","positive","""as always great video! can you please, add on next videos weights on """"kg"""" too? (not only pounds) :) thanks in advance!""","2024-02-12 17:56:08","c3wEEdD8tWc"
"166","UC0CRYvGlWGlsGxBNgvkUbAg","2024-02-12 16:34:50","contradiction","you watch a channel and it says you shouldnt do full range because it is dangerous and your chances of getting hurt is high. you come to the other channel and it says you should do full range..... just keep on doing what works for you and thats it.","2024-02-12 17:56:36","c3wEEdD8tWc"
"298","UCR5k7bm0qgpP7-QX1uIx7cQ","2024-02-12 16:35:07","interest","""watch this video next to see me track down an ex-youtube employee and get them to reveals how to get more views in 2023 <a href=""""https:www.youtube.comwatch?v=tmhsomffhqg&list=pl3ofsmayh8bswmcxeno2v5e3rlw1nzg-k&index=3"""">https:www.youtube.comwatch?v=tmhsomffhqg&list=pl3ofsmayh8bswmcxeno2v5e3rlw1nzg-k&index=3&ab_channel=growyourgamingchannel<a>...but watch it after you've finished watching this video because you don't want to miss any crucial info...  oh yeah, and i don't want you to ruin my average view duration :d  also, want me to help you reach your first 1000 loyal subscribers? if so, check out my four-digit challenge: <a href=""""https:link.growyourgamingchannel.comefyk"""">https:link.growyourgamingchannel.comefyk<a>""","2024-02-12 17:58:09","ryZt5pc2O5s"
"568","UCxE5jEls-T0QtlTHT8lI1lw","2024-02-12 16:35:40","interest","oh huh","2024-02-12 17:58:18","ZQFmRXgeR-s"
"233","UCERm5yFZ1SptUEU4wZ2vJvw","2024-02-12 16:34:59","interest","""i see some bro science here <a href=""""uckszu2wh9gy1mb0dv-11ujg-fgfy9digyjbhghlzodidw""""><a>""","2024-02-12 17:58:38","ufrFCjERMDc"
"472","UCJ5v_MCY6GNUBTO8-D3XoAg","2024-02-12 16:35:28","satisfaction","thanks","2024-02-12 17:58:51","58PpN0_VzQg"
"557","UCxE5jEls-T0QtlTHT8lI1lw","2024-02-12 16:35:39","awe","olivia is the best singer ever","2024-02-12 17:59:01","ZQFmRXgeR-s"
"276","UCERm5yFZ1SptUEU4wZ2vJvw","2024-02-12 16:35:04","neutral","""not to be rude, bro your physique would've been 10 times ( better )with the steroids you know.""","2024-02-12 17:59:15","ufrFCjERMDc"
"38","UCL5PX6xQ0KBim6eQfDU74Qw","2024-02-12 16:34:35","calmness","start breathing through your nose bro","2024-02-12 17:59:25","r8MLGFbOhYM"
"482","UCJ5v_MCY6GNUBTO8-D3XoAg","2024-02-12 16:35:29","contradiction","""116.000 likes vs 673,000 dislikes.the rock  cody vegas press conference is in the other direction. :)""","2024-02-12 17:59:41","58PpN0_VzQg"
"297","UCERm5yFZ1SptUEU4wZ2vJvw","2024-02-12 16:35:07","negative","""the ding noise you use in the video is the same as a iphone text message, its very annoyingjarring as an accenting sound effect when its conditioned to be a standard alert noise""","2024-02-12 18:00:02","ufrFCjERMDc"
"407","UCJ5v_MCY6GNUBTO8-D3XoAg","2024-02-12 16:35:20","interest","that's my race code and they skin color and they pus split across pierce gold balls","2024-02-12 18:00:15","58PpN0_VzQg"
"169","UC0CRYvGlWGlsGxBNgvkUbAg","2024-02-12 16:34:51","awkwardness","done all of this......still no shoulders lol.","2024-02-12 18:00:26","c3wEEdD8tWc"
"383","UCR5k7bm0qgpP7-QX1uIx7cQ","2024-02-12 16:35:17","negative","if everyone that has commented subscribes to everyone else then who needs to study","2024-02-12 18:00:38","ryZt5pc2O5s"
"332","UCR5k7bm0qgpP7-QX1uIx7cQ","2024-02-12 16:35:11","confusion","is that @jonnyrazer 's youtube account? i recognize that profile picture...","2024-02-12 18:00:51","ryZt5pc2O5s"
"363","UCR5k7bm0qgpP7-QX1uIx7cQ","2024-02-12 16:35:15","relief","thanks for the help","2024-02-12 18:01:01","ryZt5pc2O5s"
"215","UCERm5yFZ1SptUEU4wZ2vJvw","2024-02-12 16:34:56","positive","this was a great review. ty","2024-02-12 18:01:11","ufrFCjERMDc"
"488","UCJ5v_MCY6GNUBTO8-D3XoAg","2024-02-12 16:35:30","nostalgia","please goldberg prime back","2024-02-12 18:01:20","58PpN0_VzQg"
"96","UCL5PX6xQ0KBim6eQfDU74Qw","2024-02-12 16:34:42","confusion","my brain is so stupid. that now it will more cautious to take these breaks now.","2024-02-12 18:01:34","r8MLGFbOhYM"
"388","UCR5k7bm0qgpP7-QX1uIx7cQ","2024-02-12 16:35:18","craving","success takes time","2024-02-12 18:01:42","ryZt5pc2O5s"
"321","UCR5k7bm0qgpP7-QX1uIx7cQ","2024-02-12 16:35:09","interest","just trying to share my interests and enjoy the ride. if subs come then great! if not that's cool too.","2024-02-12 18:01:57","ryZt5pc2O5s"
"210","UCERm5yFZ1SptUEU4wZ2vJvw","2024-02-12 16:34:56","interest","""yessir.  if upping weight hurts my form, then progress comes in the form of increasing reps first.  the increased weight will come, when i’m properly ready""","2024-02-12 18:02:16","ufrFCjERMDc"
"530","UCxE5jEls-T0QtlTHT8lI1lw","2024-02-12 16:35:35","interest","i hatr this song","2024-02-12 18:02:26","ZQFmRXgeR-s"
"323","UCR5k7bm0qgpP7-QX1uIx7cQ","2024-02-12 16:35:10","amusement","your own add was on your video lol","2024-02-12 18:02:36","ryZt5pc2O5s"
"385","UCR5k7bm0qgpP7-QX1uIx7cQ","2024-02-12 16:35:17","awkwardness","thanks for posting the video. it's tough for new channels to gain attraction.","2024-02-12 18:02:49","ryZt5pc2O5s"
"421","UCJ5v_MCY6GNUBTO8-D3XoAg","2024-02-12 16:35:22","negative","rather than being cursed by all the Smack Down players","2024-02-12 18:03:00","58PpN0_VzQg"
"221","UCERm5yFZ1SptUEU4wZ2vJvw","2024-02-12 16:34:57","interest","philippines","2024-02-12 18:03:09","ufrFCjERMDc"
"181","UC0CRYvGlWGlsGxBNgvkUbAg","2024-02-12 16:34:52","interest","yup","2024-02-12 18:03:17","c3wEEdD8tWc"
"460","UCJ5v_MCY6GNUBTO8-D3XoAg","2024-02-12 16:35:27","excitement","this is my first time seeing him walk to walk to the ring with this theme and i got to say the aura is crazy","2024-02-12 18:03:32","58PpN0_VzQg"
"477","UCJ5v_MCY6GNUBTO8-D3XoAg","2024-02-12 16:35:29","awkwardness","""how embarrassing it must be for the rock to hype this match even planting the seed on espn only for fans to reject it.  it won’t ever get off the ground again.i think they should wrestle and rock is right about fans being babies. but this match was not set up right.  reigns should call the rock out.  say he is the best in his family, even better than rock who is all hype.  he sucks at acting and hasn’t done anything good since the mummy.  just keep taunting him until he comes back reluctantly, but rock instead forced wwe’s hands which fans don’t like.  now he lost the fans who think punk was right.  ironically punk is now doing this to current wwe stars if he didn’t get injured.""","2024-02-12 18:04:39","58PpN0_VzQg"
"178","UC0CRYvGlWGlsGxBNgvkUbAg","2024-02-12 16:34:52","confusion","lol wtf did will ferrel ever do to you?","2024-02-12 18:04:51","c3wEEdD8tWc"
"404","UCJ5v_MCY6GNUBTO8-D3XoAg","2024-02-12 16:35:20","interest","he number 4","2024-02-12 18:05:00","58PpN0_VzQg"
"123","UC0CRYvGlWGlsGxBNgvkUbAg","2024-02-12 16:34:45","negative","i loke but u focous on how u dont do it insted of houw you must do!","2024-02-12 18:05:14","c3wEEdD8tWc"
"414","UCJ5v_MCY6GNUBTO8-D3XoAg","2024-02-12 16:35:21","nostalgia","rocks theme sounds like a 90s corn film while shooting a scene by pamela anderson","2024-02-12 18:05:28","58PpN0_VzQg"
"381","UCR5k7bm0qgpP7-QX1uIx7cQ","2024-02-12 16:35:17","interest","im still a small streamer but most of my views come from shorts! been trying certified times out","2024-02-12 18:05:41","ryZt5pc2O5s"
"151","UC0CRYvGlWGlsGxBNgvkUbAg","2024-02-12 16:34:48","positive","""excellent video with scientific research? wooow, i am impressed, major sub and like.""","2024-02-12 18:05:55","c3wEEdD8tWc"
"317","UCR5k7bm0qgpP7-QX1uIx7cQ","2024-02-12 16:35:09","positive","shorts really help. keep uploading authentic content that’s interesting to watch and unique. subs and views will come along. be patient!","2024-02-12 18:06:11","ryZt5pc2O5s"
"274","UCERm5yFZ1SptUEU4wZ2vJvw","2024-02-12 16:35:04","interest","can we do lateral raises alternately right and left?  (because i only have 1 dumbbell)","2024-02-12 18:06:25","ufrFCjERMDc"
"417","UCJ5v_MCY6GNUBTO8-D3XoAg","2024-02-12 16:35:21","amusement","""a lot of yall cody fans are wearing your girls clothes thinking you're the """"guy"""" lol""","2024-02-12 18:06:39","58PpN0_VzQg"
"268","UCERm5yFZ1SptUEU4wZ2vJvw","2024-02-12 16:35:03","excitement","i mean you could also join like a wrestling club for adults  cause that shit blew my shoulders up in like a month","2024-02-12 18:06:53","ufrFCjERMDc"
"228","UCERm5yFZ1SptUEU4wZ2vJvw","2024-02-12 16:34:58","interest","rear delts  lat raise shoulder press practice","2024-02-12 18:07:05","ufrFCjERMDc"
"81","UCL5PX6xQ0KBim6eQfDU74Qw","2024-02-12 16:34:40","confusion","can someone explain about 10-second rest i can't understand it?","2024-02-12 18:07:16","r8MLGFbOhYM"
"2","UCL5PX6xQ0KBim6eQfDU74Qw","2024-02-12 16:34:30","contradiction","bullshit trying to sell shit","2024-02-12 18:07:26","r8MLGFbOhYM"
"433","UCJ5v_MCY6GNUBTO8-D3XoAg","2024-02-12 16:35:23","interest","Try holding your big body and holding an elephant","2024-02-12 18:07:37","58PpN0_VzQg"
"194","UC0CRYvGlWGlsGxBNgvkUbAg","2024-02-12 16:34:54","excitement","thanks man i watch all of your video and now i’m big and buff a ss f uck! i already knock 3 n iggas out with easy and they were almost twice my size. i’m loving it!","2024-02-12 18:08:04","c3wEEdD8tWc"
"562","UCxE5jEls-T0QtlTHT8lI1lw","2024-02-12 16:35:39","awkwardness","this came up when my grandsons dad died and it went to his dad's phone and no one was using it","2024-02-12 18:08:18","ZQFmRXgeR-s"
"120","UC0CRYvGlWGlsGxBNgvkUbAg","2024-02-12 16:34:45","interest","he looks like tate","2024-02-12 18:08:28","c3wEEdD8tWc"
"292","UCERm5yFZ1SptUEU4wZ2vJvw","2024-02-12 16:35:06","positive","my prediction is this dude is going places....","2024-02-12 18:08:39","ufrFCjERMDc"
"330","UCR5k7bm0qgpP7-QX1uIx7cQ","2024-02-12 16:35:11","negative","all my videos are 100% avd. i get like 15 subs a short but my long shorts so dumpster juice. i can get 10k views on majority of my shorts but haven’t seen more","2024-02-12 18:08:59","ryZt5pc2O5s"
"21","UCL5PX6xQ0KBim6eQfDU74Qw","2024-02-12 16:34:32","disgust","""utilize the gap effect: incorporate random intervals of doing nothing within study sessions. this approach, backed by huberman, suggests taking around 30 such breaks every hour. however, the implementation can be flexible, emphasizing natural breaks when you feel a slowdown in focus or energy.get alert: activation of the body and mind is crucial before diving into learning. huberman recommends taking approximately 25 deep breaths to increase alertness. alternatives like going for a walk or engaging in exercise can also serve the same purpose, depending on individual preference and circumstances.get focused: to enhance focus, huberman suggests picking a point in the room to stare at for 30 to 60 seconds without entertaining other thoughts. this simple exercise can significantly improve concentration and facilitate a smoother transition into intensive study or work.limit study sessions: aim for a maximum of 90 minutes per study session. this timeframe aligns with the typical duration most people can maintain intense focus. it’s advisable to set a minimum goal, such as 60 minutes, to ensure productive learning periods.incorporate non-sleep deep rest (nsdr): after studying, engage in nsdr practices like meditation or short naps (around 20 minutes) to consolidate learning. if time is limited, even a brief period of rest (1 to 10 minutes) can be beneficial. this is particularly effective for both physical skills and cognitive learning, aiding in memory retention and skill acquisition.sleep: adequate sleep following learning activities is vital. it plays a significant role in consolidating memories and enhancing learning outcomes.personal adaptation: huberman emphasizes the importance of tailoring these strategies to fit individual routines and preferences. focusing techniques and taking brief breaks during study sessions were highlighted as particularly effective personalized strategies.""","2024-02-12 18:11:07","r8MLGFbOhYM"
"484","UCJ5v_MCY6GNUBTO8-D3XoAg","2024-02-12 16:35:30","confusion","so many ads on this video","2024-02-12 18:11:17","58PpN0_VzQg"
"231","UCERm5yFZ1SptUEU4wZ2vJvw","2024-02-12 16:34:58","awkwardness","youre just small beat it","2024-02-12 18:11:27","ufrFCjERMDc"
"519","UCxE5jEls-T0QtlTHT8lI1lw","2024-02-12 16:35:34","sadness","I cry","2024-02-12 18:11:36","ZQFmRXgeR-s"
"344","UCR5k7bm0qgpP7-QX1uIx7cQ","2024-02-12 16:35:12","positive","""every time i learn something new about this business, i feel illuminated and courage to hold on to it til the very end.thanks marcus..""","2024-02-12 18:11:52","ryZt5pc2O5s"
"183","UC0CRYvGlWGlsGxBNgvkUbAg","2024-02-12 16:34:52","interest","phil heath recently said that keepings arms at 90 degrees and stopping before going past that shoulders when dropping was the best. i noticed in the vid your arms were not at a 90 degree angle. have you tried this method? i'm going to give it a go next time. i feel going all the way down hurts my shoulders.","2024-02-12 18:12:26","c3wEEdD8tWc"
"565","UCxE5jEls-T0QtlTHT8lI1lw","2024-02-12 16:35:40","adoration","iloveyou","2024-02-12 18:12:35","ZQFmRXgeR-s"
"40","UCL5PX6xQ0KBim6eQfDU74Qw","2024-02-12 16:34:35","satisfaction","thank you!!","2024-02-12 18:12:43","r8MLGFbOhYM"
"265","UCERm5yFZ1SptUEU4wZ2vJvw","2024-02-12 16:35:03","positive","thank you for this great content! here's to our physique goals this 2024!","2024-02-12 18:12:56","ufrFCjERMDc"
"14","UCL5PX6xQ0KBim6eQfDU74Qw","2024-02-12 16:34:32","confusion","i can't tell if this video is satire or not","2024-02-12 18:13:08","r8MLGFbOhYM"
"291","UCERm5yFZ1SptUEU4wZ2vJvw","2024-02-12 16:35:06","craving","marcus smith is half philippine","2024-02-12 18:13:18","ufrFCjERMDc"
"289","UCERm5yFZ1SptUEU4wZ2vJvw","2024-02-12 16:35:06","contradiction","i had great shoulders and i make all those exercicies but never think about...","2024-02-12 18:13:31","ufrFCjERMDc"
"308","UCR5k7bm0qgpP7-QX1uIx7cQ","2024-02-12 16:35:08","entrancement","the intro is copy paste to chat gpt","2024-02-12 18:13:42","ryZt5pc2O5s"
"208","UCERm5yFZ1SptUEU4wZ2vJvw","2024-02-12 16:34:56","interest","wider bigger backwider bigger shoulderwider bigger chest","2024-02-12 18:13:54","ufrFCjERMDc"
"203","UCERm5yFZ1SptUEU4wZ2vJvw","2024-02-12 16:34:55","interest","side delts are most important for width","2024-02-12 18:14:04","ufrFCjERMDc"
"55","UCL5PX6xQ0KBim6eQfDU74Qw","2024-02-12 16:34:37","negative","try not to have any thoughts<b> my adhd:","2024-02-12 18:14:16","r8MLGFbOhYM"
"352","UCR5k7bm0qgpP7-QX1uIx7cQ","2024-02-12 16:35:13","craving","this information was much needed. thanks a ton man! i guess this shorts channel is just too new for me to see the improvements that i want. time to make more videos & post consistently!","2024-02-12 18:14:35","ryZt5pc2O5s"
"549","UCxE5jEls-T0QtlTHT8lI1lw","2024-02-12 16:35:38","adoration","who else loves oliva","2024-02-12 18:14:44","ZQFmRXgeR-s"
"399","UCJ5v_MCY6GNUBTO8-D3XoAg","2024-02-12 16:35:19","negative","i work ten times less than you and make ten times more than you  that lone destroyed seth","2024-02-12 18:14:58","58PpN0_VzQg"
"18","UCL5PX6xQ0KBim6eQfDU74Qw","2024-02-12 16:34:32","relief","""during my education i didn't really revise that much as since i was doing these things naturally anyway without ever knowing they were beneficial. then in university, times were tougher so i was trying to do much more, i also saw other people doing so much work so i thought that with my """"natural talent"""" if i worked as hard as them i'd be a genius but then i found out that my grades were so much worse. in 3rd year, i stopped carrying as much and i went back to my old ways and i ended up acing my degree without doing as much work. this video helped explain everything and now i know that i wasn't actually being lazy but i was doing things properly.""","2024-02-12 18:15:55","r8MLGFbOhYM"
"309","UCR5k7bm0qgpP7-QX1uIx7cQ","2024-02-12 16:35:08","surprise","""he analyzed 5500k shorts only to get 27k views on his own shorts.....if you're watching this, you have been fooled""","2024-02-12 18:16:11","ryZt5pc2O5s"
"390","UCR5k7bm0qgpP7-QX1uIx7cQ","2024-02-12 16:35:18","confusion","""i posted some shorts and some of them get 6-8 k views. then when i post recently, i barely get any views. like it won’t show up in the short feed. i really don’t know what my niche is. sketch comedy? comedy?""","2024-02-12 18:16:41","ryZt5pc2O5s"
"493","UCJ5v_MCY6GNUBTO8-D3XoAg","2024-02-12 16:35:31","negative","whenthr rock loooooooose wwe is game over^^ i quit<b> !!!!!!!!!!!!!!!!!!!","2024-02-12 18:16:55","58PpN0_VzQg"
"263","UCERm5yFZ1SptUEU4wZ2vJvw","2024-02-12 16:35:02","interest","""with lateral raises using dumbbells i run the rack, i rep each weight until i hit form breakdown, drop the weight and repeat and then with like 4kg hit and isometric hold for as long as possible mid rep and then rep until i can't anymore. that technique definitely changed my shoulders.""","2024-02-12 18:17:27","ufrFCjERMDc"
"219","UCERm5yFZ1SptUEU4wZ2vJvw","2024-02-12 16:34:57","interest","""yo <a href=""""http:www.youtube.comresults?search_query=%23kingchris"""">#kingchris<a> working""","2024-02-12 18:17:44","ufrFCjERMDc"
"239","UCERm5yFZ1SptUEU4wZ2vJvw","2024-02-12 16:34:59","interest","i'm bolo asf but i still learnt something here an will be trying it","2024-02-12 18:17:57","ufrFCjERMDc"
"448","UCJ5v_MCY6GNUBTO8-D3XoAg","2024-02-12 16:35:25","confusion","""Hi John Cena, what are you up to?""","2024-02-12 18:18:08","58PpN0_VzQg"
"100","UC0CRYvGlWGlsGxBNgvkUbAg","2024-02-12 16:34:42","amusement","hahaha","2024-02-12 18:18:18","c3wEEdD8tWc"
"561","UCxE5jEls-T0QtlTHT8lI1lw","2024-02-12 16:35:39","negative","bro this song is literally my life rn. my bf broke up w me the day after new years and hes already moved on. i know that bc we have the same friends ofc. i thought i didnt care but now hes moved on im realizing how much it really hurts. how do u move on after 2 weeks. was it even real love if he moved on that quick.","2024-02-12 18:18:55","ZQFmRXgeR-s"
"261","UCERm5yFZ1SptUEU4wZ2vJvw","2024-02-12 16:35:02","satisfaction","just thanks for the fact that you are not just showing someone els body by pictures and narroration","2024-02-12 18:19:09","ufrFCjERMDc"
"155","UC0CRYvGlWGlsGxBNgvkUbAg","2024-02-12 16:34:49","confusion","chat is this real ?","2024-02-12 18:19:19","c3wEEdD8tWc"
"138","UC0CRYvGlWGlsGxBNgvkUbAg","2024-02-12 16:34:47","interest","could full range lead to more potential injuries?","2024-02-12 18:19:29","c3wEEdD8tWc"
"170","UC0CRYvGlWGlsGxBNgvkUbAg","2024-02-12 16:34:51","interest","you're supposed to do low reps with heavier weights","2024-02-12 18:19:41","c3wEEdD8tWc"
"108","UC0CRYvGlWGlsGxBNgvkUbAg","2024-02-12 16:34:43","positive","if you consistently working your shoulder it will grow","2024-02-12 18:19:51","c3wEEdD8tWc"
"246","UCERm5yFZ1SptUEU4wZ2vJvw","2024-02-12 16:35:00","positive","nice","2024-02-12 18:20:00","ufrFCjERMDc"
"128","UC0CRYvGlWGlsGxBNgvkUbAg","2024-02-12 16:34:46","interest","""if you want to look strong and buff, do more then 10 reps, do things that take you time to get to failure. if you just want strength, do exercises that bring you to failure instantly 1-6 reps.""","2024-02-12 18:20:21","c3wEEdD8tWc"
"480","UCJ5v_MCY6GNUBTO8-D3XoAg","2024-02-12 16:35:29","nostalgia","please bring back his hollywood theme","2024-02-12 18:20:31","58PpN0_VzQg"
"202","UCERm5yFZ1SptUEU4wZ2vJvw","2024-02-12 16:34:55","positive","""i like thid chanel and je is spot-on with his clearand concise discussion. i learned quite a bit of this shoulder stuff in pre-op and post-op shoulder surgery using bands. can't recommend resistance bands enough. also, i started using the techniques outlined by dr. doug mcguff. his main point is lower weightresistance and slow - very slow movement on concentric and eccentric parts of the motion. his book and yt channel explains the methodology and science behind it. e.g. if you are doing 3 sets of 10, cut your speed down to as slow as you can to move the weight or engage the band go to the full range, hold, then as slow as possible to the starting position. then, set the weight such that you can do 2 sets of three and hit failure on the 3rd set. i'd say 90% of the people i see in the gym are using bad formposture and are using momentum during the movement. i've shown this to various pts when recovering from many surgeries due to everything from a crushed ankle, 3 acls, t tkr, and both shoulders). they would watch me doing bands, etc., and ask why i was doing them in slo-mo. after 30-45 mins hitting the major groups, your heart rate will be up, and you'll be cached. 6-10 day recovery time, which can be used to focus on targeting specific muscles and or problem areas, etc. while you might not get 'swole', you will get strong with great definition. you'll also burn fat like a fire. i had a lot of ice hockey and soccer injuries and have severe osteoarthritis (some injury-related, some genetic predisposition), hence the surgeries.""","2024-02-12 18:22:45","ufrFCjERMDc"
"98","UC0CRYvGlWGlsGxBNgvkUbAg","2024-02-12 16:34:42","positive","""references1. studies show that full squats cause more glute and adductor growth than partial squats and that full rom scott curls produce superior bicep growth compared to partials.<a href=""""https:pubmed.ncbi.nlm.nih.gov31230110"""">https:pubmed.ncbi.nlm.nih.gov31230110<a><a href=""""https:pubmed.ncbi.nlm.nih.gov22027847"""">https:pubmed.ncbi.nlm.nih.gov22027847<a>2. """"strengthening the posterior head of the deltoid is desirous for ensuring shoulder joint integrity and reducing injury potential.""""<a href=""""https:pubmed.ncbi.nlm.nih.gov11222932"""">https:pubmed.ncbi.nlm.nih.gov11222932<a>3. various studies, including a 2010 randomized controlled trial published in the journal of strength and conditioning research, show that exercises and muscle groups you train first in a workout see the most gains<a href=""""https:pubmed.ncbi.nlm.nih.gov20938358"""">https:pubmed.ncbi.nlm.nih.gov20938358<a>4. various studies show that stretching a muscle for 60 seconds or longer decreases subsequent muscle activation during exercises.<a href=""""https:www.ncbi.nlm.nih.govpmcarticlespmc1150232"""">https:www.ncbi.nlm.nih.govpmcarticlespmc1150232<a><a href=""""https:pubmed.ncbi.nlm.nih.gov10956367"""">https:pubmed.ncbi.nlm.nih.gov10956367<a><a href=""""https:pubmed.ncbi.nlm.nih.gov10194214"""">https:pubmed.ncbi.nlm.nih.gov10194214<a>5. a meta-analysis found a dose-response relationship between training volume and muscle growth in trained lifters. the more sets subjects did, the more muscle they gained. <a href=""""https:pubmed.ncbi.nlm.nih.gov27433992"""">https:pubmed.ncbi.nlm.nih.gov27433992<a>6. an eight-week study had subjects do either one, three, or five sets per exercise, which led them to do the following number of sets per muscle per week:<a href=""""https:pubmed.ncbi.nlm.nih.gov30153194"""">https:pubmed.ncbi.nlm.nih.gov30153194<a>7. you only need a modest calorie surplus to effectively build muscle while minimizing fat gain. see figure 1<a href=""""https:www.tandfonline.comdoipdf10.108017461391.2011.643923"""">https:www.tandfonline.comdoipdf10.108017461391.2011.643923<a>8. a 2018 meta-analysis published in the british journal of sports medicine found that you only need 0.73 grams per pound of body weight per day. that equals 131 grams of protein daily for a 180-pound person.<a href=""""https:pubmed.ncbi.nlm.nih.gov28698222"""">https:pubmed.ncbi.nlm.nih.gov28698222<a>""","2024-02-12 18:25:38","c3wEEdD8tWc"
"85","UCL5PX6xQ0KBim6eQfDU74Qw","2024-02-12 16:34:40","confusion","can you only do this once a day? i mean perhaps three bouts of 1hr per day?","2024-02-12 18:25:52","r8MLGFbOhYM"
"423","UCJ5v_MCY6GNUBTO8-D3XoAg","2024-02-12 16:35:22","negative","""Oh mom, don't bribe Silverqueen, then someone will be blindly jealous""","2024-02-12 18:26:04","58PpN0_VzQg"
"511","UCxE5jEls-T0QtlTHT8lI1lw","2024-02-12 16:35:33","contradiction","""i hope you're happy, but don't be happier !!""","2024-02-12 18:26:16","ZQFmRXgeR-s"
"95","UCL5PX6xQ0KBim6eQfDU74Qw","2024-02-12 16:34:42","positive","""this is a great video, you took a whole podcast episode and made it a simple 5 minute video anyone can digest (obviously in less detail within the limits of reality). do this more! my add needs you.""","2024-02-12 18:26:37","r8MLGFbOhYM"
"124","UC0CRYvGlWGlsGxBNgvkUbAg","2024-02-12 16:34:45","interest","ok i will do 1 rep how about that?","2024-02-12 18:26:47","c3wEEdD8tWc"
"538","UCxE5jEls-T0QtlTHT8lI1lw","2024-02-12 16:35:36","nostalgia","i am here after i read forget me not book","2024-02-12 18:26:58","ZQFmRXgeR-s"
"165","UC0CRYvGlWGlsGxBNgvkUbAg","2024-02-12 16:34:50","negative","what a rubbish only helps a lot and hard on 12 or 20 20 is always better","2024-02-12 18:27:12","c3wEEdD8tWc"
"142","UC0CRYvGlWGlsGxBNgvkUbAg","2024-02-12 16:34:47","amusement","""where the fuck do you get 12.5 lb dumbbells?? lol. when it comes to  isolation moves on shoulders (side raises, rear fly...) technique and time under tension matter more then weight. you ever see a dude perform side raises with 50's and go full rom and good technique...? didn't think so.""","2024-02-12 18:27:45","c3wEEdD8tWc"
"25","UCL5PX6xQ0KBim6eQfDU74Qw","2024-02-12 16:34:33","admiration","""thank you so much, this past weeks i learned how to really study, and i encountered this problem where i lost focus, i dont know why i suddenly feel not learning, and you give me all the answer i am looking, thank you""","2024-02-12 18:28:12","r8MLGFbOhYM"
"285","UCERm5yFZ1SptUEU4wZ2vJvw","2024-02-12 16:35:05","interest","""key takeaways for quick navigation:  munger warns of us commercial property storm due to bad loans.<b>  downtown areas globally will face challenges with different property owners.<b>  real estate values depend on borrowing, impacting lenders and operators.<b>  rising interest rates affect borrowers, potentially leading to property handovers.<b>made with harpa ai""","2024-02-12 18:28:48","ufrFCjERMDc"
"531","UCxE5jEls-T0QtlTHT8lI1lw","2024-02-12 16:35:35","confusion","ima dude. why do i like this song","2024-02-12 18:28:59","ZQFmRXgeR-s"
"509","UCxE5jEls-T0QtlTHT8lI1lw","2024-02-12 16:35:33","confusion","is anyone listening in 2024?","2024-02-12 18:29:09","ZQFmRXgeR-s"
"201","UCERm5yFZ1SptUEU4wZ2vJvw","2024-02-12 16:34:55","interest","i am one of the followers of your page. please add persian language to your subtitle.  thank you","2024-02-12 18:29:23","ufrFCjERMDc"
"340","UCR5k7bm0qgpP7-QX1uIx7cQ","2024-02-12 16:35:12","confusion","""great video, thanks for sharing. i still find my two most successful videos in terms of vvsa and avd are my two lowest viewed videos. both are over 50 seconds in length, had vvsa over 80%, and avd of 100% or greater, and yet youtube doesnt seem to show it in feeds. it's only a very new channel, but this doesn't make sense at this point.""","2024-02-12 18:30:02","ryZt5pc2O5s"
"12","UCL5PX6xQ0KBim6eQfDU74Qw","2024-02-12 16:34:31","relief","after this video im sleeping","2024-02-12 18:30:11","r8MLGFbOhYM"
"338","UCR5k7bm0qgpP7-QX1uIx7cQ","2024-02-12 16:35:12","confusion","i got 2.9k views on my very first shorts and after that i got barely any views on other shorts. what is the reason?","2024-02-12 18:30:28","ryZt5pc2O5s"
"9","UCL5PX6xQ0KBim6eQfDU74Qw","2024-02-12 16:34:31","interest","""i do this every often, without actually knowing this video nor the person, it's something i learnt it myself; that explains why i become really focused sometimes.""","2024-02-12 18:30:45","r8MLGFbOhYM"
"173","UC0CRYvGlWGlsGxBNgvkUbAg","2024-02-12 16:34:51","negative","""uhm fucking just no. the first thing you did was give obviously incorrect information. the lower portion of a shoulder press (especially when your upper arms go below parallel to the floor) activates the upper chest a lot and as you move through the motion to the exercise the shoulders gradually become the primary muscle activated, very extra super obviously, and the triceps have little activation.souce: you can fucking feel it!""","2024-02-12 18:31:24","c3wEEdD8tWc"
"53","UCL5PX6xQ0KBim6eQfDU74Qw","2024-02-12 16:34:36","positive","yeah i will watch a 5 min video and my life will change forever","2024-02-12 18:31:36","r8MLGFbOhYM"
"324","UCR5k7bm0qgpP7-QX1uIx7cQ","2024-02-12 16:35:10","positive","very cool. thank you.","2024-02-12 18:31:46","ryZt5pc2O5s"
"255","UCERm5yFZ1SptUEU4wZ2vJvw","2024-02-12 16:35:01","interest","this is so informative thank you so much! i’m a woman trying to have stronger arms with hypertrophy and i’m so small it’s hard to build bigger muscles though i’m strong. i’ve been doing it wrong.","2024-02-12 18:32:16","ufrFCjERMDc"
"97","UCL5PX6xQ0KBim6eQfDU74Qw","2024-02-12 16:34:42","positive","i actually really like this video and it seems to help i have just now started to implement them and my focus is just drastically improveing","2024-02-12 18:32:31","r8MLGFbOhYM"
"514","UCxE5jEls-T0QtlTHT8lI1lw","2024-02-12 16:35:33","interest","and i think this video designer felt the same as her","2024-02-12 18:32:43","ZQFmRXgeR-s"
"489","UCJ5v_MCY6GNUBTO8-D3XoAg","2024-02-12 16:35:30","sadness","came back to check on the cody cry babies","2024-02-12 18:32:55","58PpN0_VzQg"
"199","UCERm5yFZ1SptUEU4wZ2vJvw","2024-02-12 16:34:54","interest","""i'd love to see those exercises, that lead to a greater muscle growth, in an update of the shreded 2.0 program. i feel my sholders are a point of improvement also.""","2024-02-12 18:33:15","ufrFCjERMDc"
"209","UCERm5yFZ1SptUEU4wZ2vJvw","2024-02-12 16:34:56","negative","""come out with something on the traps, because i have had a heck of a time trying to grow them and it looks like you might have the same issue.""","2024-02-12 18:33:32","ufrFCjERMDc"
"52","UCL5PX6xQ0KBim6eQfDU74Qw","2024-02-12 16:34:36","negative","the thing with quantifying focus and breaks is difficult. in my case it depends what i am studying. if i am solving complex math problems or trying to study by heart then i need more breaks.","2024-02-12 18:33:53","r8MLGFbOhYM"
"27","UCL5PX6xQ0KBim6eQfDU74Qw","2024-02-12 16:34:33","calmness","i do the gap effect all the time its called zoning out","2024-02-12 18:34:04","r8MLGFbOhYM"
"225","UCERm5yFZ1SptUEU4wZ2vJvw","2024-02-12 16:34:58","craving","jd mcdonagh needs to see this","2024-02-12 18:34:15","ufrFCjERMDc"
"523","UCxE5jEls-T0QtlTHT8lI1lw","2024-02-12 16:35:34","confusion","what the heck she fr thought she was a swifty but girrrl you are seriously not a swifty","2024-02-12 18:34:29","ZQFmRXgeR-s"
"4","UCL5PX6xQ0KBim6eQfDU74Qw","2024-02-12 16:34:30","interest","get to the point zzeeee","2024-02-12 18:34:40","r8MLGFbOhYM"
"394","UCR5k7bm0qgpP7-QX1uIx7cQ","2024-02-12 16:35:19","interest","make a video abput saying hi.get millions of views because people ever stop scrolling on shorts","2024-02-12 18:34:53","ryZt5pc2O5s"
"111","UC0CRYvGlWGlsGxBNgvkUbAg","2024-02-12 16:34:44","amusement","""this guy lol , if you're on roids 6 will work make it 6 to failure or close to fail it will work natty 6 to 12 try to get close to failure , the point is you don't have to go til failure , if you're doing 6 reps pick a heavy enough weight to where you will fail at 6 reps or so if you're going for 12 reps use a heavy enough weight that will make you fail around that 12 rep mark . the more you break down the muscle the more the gain ? i use to do a burn session with 45lbs olympic bench bar 100 reps then do pyramids til failure then back down to bar then bar 100 reps . chest grew pretty good from that 4 months .""","2024-02-12 18:35:52","c3wEEdD8tWc"
"393","UCR5k7bm0qgpP7-QX1uIx7cQ","2024-02-12 16:35:18","negative","did you actually call cricket a shit sport at ...?i just made it 432 dislikes.","2024-02-12 18:36:06","ryZt5pc2O5s"
"376","UCR5k7bm0qgpP7-QX1uIx7cQ","2024-02-12 16:35:16","positive","i got 850 subscriber in 6 months through shorts. its awesome","2024-02-12 18:36:17","ryZt5pc2O5s"
"161","UC0CRYvGlWGlsGxBNgvkUbAg","2024-02-12 16:34:50","positive","""three things; 1) full range of motion on shoulder press movements, although it does stimulate more of your deltoids, that lower portion of the range is a high risk area. for anyone prone to rotator cuff injuries, which most of us are, the greater majority of trainers and bodybuilders recommend to always stick to 90 degree angle. 2) another method to reduce usage of your traps while doing side lateral raises; roll your shoulders slightly forward and give a slightly more aggressive bend to your elbows. this will emphasize the side deltoids and reduce trap activation. 3) i agree with practically everything else in this video. but i am incredibly happy to see mentioning of high volume being more advantageous. so sick of this new trend promoted by lazy people to do 'low volume, high intensity' .. especially considering they're likely not doing 'high intensity' like they believe. most of the recent studies have all been agreeing that high volume, with progressive overload, and high intensity, is the most effective way to build mass. some even saying 20-30 sets per week being optimal. but it really all boils down to your sleep hygiene and nutrition. poor sleep and poor nutrition equals poor recovery. and if you're going for high volume without full recovery.. that's when you run into problems.""","2024-02-12 18:37:55","c3wEEdD8tWc"
"26","UCL5PX6xQ0KBim6eQfDU74Qw","2024-02-12 16:34:33","negative","""i gotta do this tbhmost of the time where i study, i just have motivation for it but not energy, so i lose focus a lot, and forget what i just read aboutalso i study for as long as possible, only taking a break when i dont wanna continue or literally cant""","2024-02-12 18:38:25","r8MLGFbOhYM"
"13","UCL5PX6xQ0KBim6eQfDU74Qw","2024-02-12 16:34:31","negative","""been doing this for years. read like a jetfighter, then get bored, then stare into the void for about a few minutes, then wake up from this retarded dolphin sleep, and get back to reading the slides.""","2024-02-12 18:38:46","r8MLGFbOhYM"
"437","UCJ5v_MCY6GNUBTO8-D3XoAg","2024-02-12 16:35:24","interest","""Moreover, there are buns filled with chicken meat again""","2024-02-12 18:38:58","58PpN0_VzQg"
"280","UCERm5yFZ1SptUEU4wZ2vJvw","2024-02-12 16:35:04","confusion","""actually i have cicked on this video mistakenly, without rrading title and looking thumbnail carefully. i thought it's about neck thickness. i naturally have broad shoulders but really good informationactually i have cicked on this video mistakenly, without rrading title and looking thumbnail carefully. i thought it's about neck thickness. i naturally have broad shoulders but really good information.""","2024-02-12 18:39:33","ufrFCjERMDc"
"267","UCERm5yFZ1SptUEU4wZ2vJvw","2024-02-12 16:35:03","positive","the editing is crazy good","2024-02-12 18:39:43","ufrFCjERMDc"
"277","UCERm5yFZ1SptUEU4wZ2vJvw","2024-02-12 16:35:04","negative","don't do this. protect your rotator cuffs. do dips.   you're welcome.","2024-02-12 18:39:57","ufrFCjERMDc"
"190","UC0CRYvGlWGlsGxBNgvkUbAg","2024-02-12 16:34:53","satisfaction","great content thank you","2024-02-12 18:40:07","c3wEEdD8tWc"
"447","UCJ5v_MCY6GNUBTO8-D3XoAg","2024-02-12 16:35:25","confusion","""Hey fighters, what are you up to?""","2024-02-12 18:40:18","58PpN0_VzQg"
"375","UCR5k7bm0qgpP7-QX1uIx7cQ","2024-02-12 16:35:16","positive","new subscriber here! your content has really helped me understand youtube’s algorithm as a whole. starting out i knew absolutely nothing and i’m finally starting to get a sense of direction thanks to you !","2024-02-12 18:40:38","ryZt5pc2O5s"
"127","UC0CRYvGlWGlsGxBNgvkUbAg","2024-02-12 16:34:46","positive","but to stay lean but mean i believe it higher reps ie. 15 x 3 sets all personal aims. i personally are just reclaiming","2024-02-12 18:40:54","c3wEEdD8tWc"
"547","UCxE5jEls-T0QtlTHT8lI1lw","2024-02-12 16:35:37","satisfaction","i left this comment here just that when ever someone likes it i will get a notification and i can come back to listen again and again","2024-02-12 18:41:10","ZQFmRXgeR-s"
"571","UCxE5jEls-T0QtlTHT8lI1lw","2024-02-12 16:35:40","confusion","""i dont rly know why im crying i dont have bf , ex or crush tho""","2024-02-12 18:41:23","ZQFmRXgeR-s"
"452","UCJ5v_MCY6GNUBTO8-D3XoAg","2024-02-12 16:35:26","awkwardness","i predicts that roman is going to tell rock to acknowledge him as the tribal chief. rock refuses and think cody was right that he is a high chief. roman demands he gets on his knee and acknowledge him now. rock then confront roman and that will set head of the table match.","2024-02-12 18:41:54","58PpN0_VzQg"
"454","UCJ5v_MCY6GNUBTO8-D3XoAg","2024-02-12 16:35:26","negative","i live about 10-15 minutes away from where this took place and …i still feel something type of about missing this moment in time","2024-02-12 18:42:10","58PpN0_VzQg"
"119","UC0CRYvGlWGlsGxBNgvkUbAg","2024-02-12 16:34:45","confusion","12-15sets??? are you serious???? or is it reps instead of sets lol","2024-02-12 18:42:23","c3wEEdD8tWc"
"487","UCJ5v_MCY6GNUBTO8-D3XoAg","2024-02-12 16:35:30","negative","road to 1 million dislikes! lets go!","2024-02-12 18:42:34","58PpN0_VzQg"
"16","UCL5PX6xQ0KBim6eQfDU74Qw","2024-02-12 16:34:32","negative","""decades back when i was in school and university one issue i had was getting allert and therefor then afterwards focused. to this day i think it is because i am not a morning person. anything befor  i am just not yet awake. which therefor later in my jobs i always tended to become a nighttime worker and late time ariver at work. not all employeers liked that. as team meetings at times were first thing in the morning, instead of say last thing of the day which i would have prefered. there was also the distrust that when left alone at work in the evening, without control, the work was not done proper. all in all i found this approach of employeers anyoing if not insulting. it may have changed to some extant due to covid, but there are still enough of that old mindset out there.""","2024-02-12 18:43:42","r8MLGFbOhYM"
"240","UCERm5yFZ1SptUEU4wZ2vJvw","2024-02-12 16:34:59","interest","""can see some tough work: for the muscle anatomy overlays  , great going""","2024-02-12 18:43:56","ufrFCjERMDc"
"248","UCERm5yFZ1SptUEU4wZ2vJvw","2024-02-12 16:35:00","amusement","his physique is based on illegal drugs.  lol.","2024-02-12 18:44:07","ufrFCjERMDc"
"506","UCxE5jEls-T0QtlTHT8lI1lw","2024-02-12 16:35:32","appreciation of beauty","you can do it see  a hot girl better","2024-02-12 18:44:18","ZQFmRXgeR-s"
"271","UCERm5yFZ1SptUEU4wZ2vJvw","2024-02-12 16:35:03","interest","this guy has the same phisique as me just abs","2024-02-12 18:44:30","ufrFCjERMDc"
"491","UCJ5v_MCY6GNUBTO8-D3XoAg","2024-02-12 16:35:30","confusion","wtf is this walmart wesker?","2024-02-12 18:44:41","58PpN0_VzQg"
"486","UCJ5v_MCY6GNUBTO8-D3XoAg","2024-02-12 16:35:30","awkwardness","bet all you dorks didn’t see that this was a set up","2024-02-12 18:44:54","58PpN0_VzQg"
"312","UCR5k7bm0qgpP7-QX1uIx7cQ","2024-02-12 16:35:08","positive","gotta appreciate the effort people put into finding these statistics","2024-02-12 18:45:05","ryZt5pc2O5s"
"301","UCR5k7bm0qgpP7-QX1uIx7cQ","2024-02-12 16:35:07","negative","""bruv, please, these are just stats. you are not teaching how to crack the algorithm like ur title. you are teaching facts... ty for 14,5 minutes learning essentially nothing helpful.""","2024-02-12 18:45:25","ryZt5pc2O5s"